{
  "version": "1.0",
  "defaultProvider": "cdnjs",
  "libraries": [
    {
      "library": "bootstrap@5.2.3",
      "destination": "wwwroot\\lib\\bootstrap"
    },
    {
      "library": "jquery@3.6.0",
      "destination": "wwwroot\\lib\\jquery"
    },
    {
      "library": "jquery-validate@1.19.5",
      "destination": "wwwroot\\lib\\jquery-validate"
    },
    {
      "library": "jquery-validation-unobtrusive@3.2.12",
      "destination": "wwwroot\\lib\\jquery-validation-unobtrusive"
    },
    {
      "library": "@microsoft/signalr@latest",
      "destination": "wwwroot/lib/microsoft/signalr/",
      "provider": "unpkg",
      "files": [
        "dist/browser/signalr.min.js",
        "dist/browser/signalr.js"
      ]
    }
  ]
}